{"resourceType":"ImplementationGuide","id":"org.sql-on-fhir.ig","text":{"status":"generated","div":"<div xmlns=\"http://www.w3.org/1999/xhtml\"><p class=\"res-header-id\"><b>Generated Narrative: ImplementationGuide org.sql-on-fhir.ig</b></p><a name=\"org.sql-on-fhir.ig\"> </a><a name=\"hcorg.sql-on-fhir.ig\"> </a><a name=\"org.sql-on-fhir.ig-en-US\"> </a><h2>SQLonFHIR</h2><p>The official URL for this implementation guide is: </p><pre>https://sql-on-fhir.org/ig/ImplementationGuide/org.sql-on-fhir.ig</pre><div><p>A specification for defining portable views of FHIR data that can be easily queried using tools such as SQL.</p>\n</div></div>"},"url":"https://sql-on-fhir.org/ig/ImplementationGuide/org.sql-on-fhir.ig","version":"2.0.0","name":"SQLonFHIR","title":"SQL on FHIR","status":"draft","date":"2024-10-09T15:18:18+10:00","publisher":"SQL on FHIR Working Group","contact":[{"name":"SQL on FHIR Working Group","telecom":[{"system":"url","value":"https://sql-on-fhir.org"}]}],"description":"A specification for defining portable views of FHIR data that can be easily queried using tools such as SQL.","jurisdiction":[{"coding":[{"system":"http://unstats.un.org/unsd/methods/m49/m49.htm","code":"001","display":"World"}]}],"packageId":"org.sql-on-fhir.ig","license":"CC0-1.0","fhirVersion":["5.0.0"],"dependsOn":[{"id":"hl7tx","extension":[{"url":"http://hl7.org/fhir/tools/StructureDefinition/implementationguide-dependency-comment","valueMarkdown":"Automatically added as a dependency - all IGs depend on HL7 Terminology"}],"uri":"http://terminology.hl7.org/ImplementationGuide/hl7.terminology","packageId":"hl7.terminology.r5","version":"6.0.2"},{"id":"hl7ext","extension":[{"url":"http://hl7.org/fhir/tools/StructureDefinition/implementationguide-dependency-comment","valueMarkdown":"Automatically added as a dependency - all IGs depend on the HL7 Extension Pack"}],"uri":"http://hl7.org/fhir/extensions/ImplementationGuide/hl7.fhir.uv.extensions","packageId":"hl7.fhir.uv.extensions.r5","version":"5.1.0"}],"definition":{"extension":[{"url":"http://hl7.org/fhir/tools/StructureDefinition/ig-internal-dependency","valueCode":"hl7.fhir.uv.tools#0.2.0"}],"grouping":[{"id":"-str-logicalmodel","name":"Structures: Logical Models","description":"These define data models that represent the domain covered by this implementation guide in more business-friendly terms than the underlying FHIR resources."},{"id":"-ex-example","name":"Example: Example Instances","description":"These are example instances that show what data produced and consumed by systems conforming with this implementation guide might look like."}],"resource":[{"extension":[{"url":"http://hl7.org/fhir/tools/StructureDefinition/resource-sort","valueInteger":999999999},{"url":"http://hl7.org/fhir/StructureDefinition/implementationguide-page","valueUri":"StructureDefinition-ShareableViewDefinition.html"}],"reference":{"reference":"StructureDefinition/ShareableViewDefinition"},"name":"Shareable View Definition","description":"A profile for View Definitions intended to be shared between multiple systems. This requires that \nthe View Definition have a defined URL and name. It also requires declaration of the FHIR version \nthat the view is intended to be executed over, and the FHIR type of each column. This ensures \nconsistent interpretation of the view across different view runner implementations.","isExample":false,"groupingId":"-str-logicalmodel"},{"extension":[{"url":"http://hl7.org/fhir/tools/StructureDefinition/resource-sort","valueInteger":999999999},{"url":"http://hl7.org/fhir/StructureDefinition/implementationguide-page","valueUri":"StructureDefinition-TabularViewDefinition.html"}],"reference":{"reference":"StructureDefinition/TabularViewDefinition"},"name":"Tabular View Definition","description":"A profile for View Definitions where each resulting field must contain only a simple scalar value.\nThis is sometimes referred to as 'CSV Mode', but applies to any system that explicitly constrains \nits views or tables to tabular data.","isExample":false,"groupingId":"-str-logicalmodel"},{"extension":[{"url":"http://hl7.org/fhir/tools/StructureDefinition/resource-sort","valueInteger":999999999},{"url":"http://hl7.org/fhir/StructureDefinition/implementationguide-page","valueUri":"StructureDefinition-ViewDefinition.html"}],"reference":{"reference":"StructureDefinition/ViewDefinition"},"name":"View Definition","description":"A ViewDefinition represents a tabular projection of a FHIR resource, where the columns and inclusion \ncriteria are defined by FHIRPath expressions.","isExample":false,"groupingId":"-str-logicalmodel"},{"extension":[{"url":"http://hl7.org/fhir/tools/StructureDefinition/resource-sort","valueInteger":999999999},{"url":"http://hl7.org/fhir/tools/StructureDefinition/implementationguide-resource-format","valueCode":"application/fhir+json"},{"url":"http://hl7.org/fhir/StructureDefinition/implementationguide-page","valueUri":"Binary-PatientAddresses.html"}],"reference":{"reference":"Binary/PatientAddresses"},"name":"PatientAddresses","description":"An example of unnesting patient addresses into multiple\nrows.\n\nThis view uses `forEach` to indicate we are unrolling these into separate rows. \nThe `join` function is used to create a single address line.","isExample":true,"profile":["https://sql-on-fhir.org/ig/StructureDefinition/ViewDefinition"],"groupingId":"-ex-example"},{"extension":[{"url":"http://hl7.org/fhir/tools/StructureDefinition/resource-sort","valueInteger":999999999},{"url":"http://hl7.org/fhir/tools/StructureDefinition/implementationguide-resource-format","valueCode":"application/fhir+json"},{"url":"http://hl7.org/fhir/StructureDefinition/implementationguide-page","valueUri":"Binary-PatientAndContactAddressUnion.html"}],"reference":{"reference":"Binary/PatientAndContactAddressUnion"},"name":"PatientAndContactAddressUnion","description":"An example of unnesting patient addresses and contact addresss\ninto multiple rows, which are unioned together into a single table.","isExample":true,"profile":["https://sql-on-fhir.org/ig/StructureDefinition/ViewDefinition"],"groupingId":"-ex-example"},{"extension":[{"url":"http://hl7.org/fhir/tools/StructureDefinition/resource-sort","valueInteger":999999999},{"url":"http://hl7.org/fhir/tools/StructureDefinition/implementationguide-resource-format","valueCode":"application/fhir+json"},{"url":"http://hl7.org/fhir/StructureDefinition/implementationguide-page","valueUri":"Binary-PatientDemographics.html"}],"reference":{"reference":"Binary/PatientDemographics"},"name":"PatientDemographics","description":"A minimal example of a patient demographics view.\nThis view uses the first 'official' patient name for our demographics table.","isExample":true,"profile":["https://sql-on-fhir.org/ig/StructureDefinition/ViewDefinition"],"groupingId":"-ex-example"},{"extension":[{"url":"http://hl7.org/fhir/tools/StructureDefinition/resource-sort","valueInteger":999999999},{"url":"http://hl7.org/fhir/tools/StructureDefinition/implementationguide-resource-format","valueCode":"application/fhir+json"},{"url":"http://hl7.org/fhir/StructureDefinition/implementationguide-page","valueUri":"Binary-ShareablePatientDemographics.html"}],"reference":{"reference":"Binary/ShareablePatientDemographics"},"name":"ShareablePatientDemographics","description":"Creates the same view as the 'PatientDemographics' example, but applies both the\nShareableViewDefinition and TabularViewDefinition profiles.","isExample":true,"profile":["https://sql-on-fhir.org/ig/StructureDefinition/ShareableViewDefinition"],"groupingId":"-ex-example"},{"extension":[{"url":"http://hl7.org/fhir/tools/StructureDefinition/resource-sort","valueInteger":999999999},{"url":"http://hl7.org/fhir/tools/StructureDefinition/implementationguide-resource-format","valueCode":"application/fhir+json"},{"url":"http://hl7.org/fhir/StructureDefinition/implementationguide-page","valueUri":"Binary-UsCoreBloodPressures.html"}],"reference":{"reference":"Binary/UsCoreBloodPressures"},"name":"UsCoreBloodPressures","description":"A simple view of blood pressure observations, with separate columns for \nsystolic and diastolic values.","isExample":true,"profile":["https://sql-on-fhir.org/ig/StructureDefinition/ViewDefinition"],"groupingId":"-ex-example"}],"page":{"sourceUrl":"toc.html","name":"toc.html","title":"Table of Contents","generation":"html","page":[{"sourceUrl":"index.html","name":"index.html","title":"Home","generation":"markdown"},{"sourceUrl":"contributing.html","name":"contributing.html","title":"Contributing","generation":"markdown"},{"sourceUrl":"functional-model.html","name":"functional-model.html","title":"Functional Model","generation":"markdown"},{"sourceUrl":"glossary.html","name":"glossary.html","title":"Glossary","generation":"markdown"},{"sourceUrl":"artifacts.html","name":"artifacts.html","title":"Artifacts Summary","generation":"html","page":[{"sourceUrl":"StructureDefinition-ShareableViewDefinition.html","name":"StructureDefinition-ShareableViewDefinition.html","title":"Shareable View Definition","generation":"generated"},{"sourceUrl":"StructureDefinition-TabularViewDefinition.html","name":"StructureDefinition-TabularViewDefinition.html","title":"Tabular View Definition","generation":"generated"},{"sourceUrl":"StructureDefinition-ViewDefinition.html","name":"StructureDefinition-ViewDefinition.html","title":"View Definition","generation":"generated"},{"sourceUrl":"Binary-PatientAddresses.html","name":"Binary-PatientAddresses.html","title":"PatientAddresses","generation":"generated"},{"sourceUrl":"Binary-PatientAndContactAddressUnion.html","name":"Binary-PatientAndContactAddressUnion.html","title":"PatientAndContactAddressUnion","generation":"generated"},{"sourceUrl":"Binary-PatientDemographics.html","name":"Binary-PatientDemographics.html","title":"PatientDemographics","generation":"generated"},{"sourceUrl":"Binary-ShareablePatientDemographics.html","name":"Binary-ShareablePatientDemographics.html","title":"ShareablePatientDemographics","generation":"generated"},{"sourceUrl":"Binary-UsCoreBloodPressures.html","name":"Binary-UsCoreBloodPressures.html","title":"UsCoreBloodPressures","generation":"generated"}]}]},"parameter":[{"code":{"system":"http://hl7.org/fhir/tools/CodeSystem/ig-parameters","code":"copyrightyear"},"value":"2023+"},{"code":{"system":"http://hl7.org/fhir/tools/CodeSystem/ig-parameters","code":"releaselabel"},"value":"release"},{"code":{"system":"http://hl7.org/fhir/tools/CodeSystem/ig-parameters","code":"excludettl"},"value":"true"},{"code":{"system":"http://hl7.org/fhir/tools/CodeSystem/ig-parameters","code":"path-test"},"value":"tests"},{"code":{"system":"http://hl7.org/fhir/tools/CodeSystem/ig-parameters","code":"autoload-resources"},"value":"true"},{"code":{"system":"http://hl7.org/fhir/guide-parameter-code","code":"path-resource"},"value":"input/capabilities"},{"code":{"system":"http://hl7.org/fhir/guide-parameter-code","code":"path-resource"},"value":"input/examples"},{"code":{"system":"http://hl7.org/fhir/guide-parameter-code","code":"path-resource"},"value":"input/extensions"},{"code":{"system":"http://hl7.org/fhir/guide-parameter-code","code":"path-resource"},"value":"input/models"},{"code":{"system":"http://hl7.org/fhir/guide-parameter-code","code":"path-resource"},"value":"input/operations"},{"code":{"system":"http://hl7.org/fhir/guide-parameter-code","code":"path-resource"},"value":"input/profiles"},{"code":{"system":"http://hl7.org/fhir/guide-parameter-code","code":"path-resource"},"value":"input/resources"},{"code":{"system":"http://hl7.org/fhir/guide-parameter-code","code":"path-resource"},"value":"input/vocabulary"},{"code":{"system":"http://hl7.org/fhir/guide-parameter-code","code":"path-resource"},"value":"input/maps"},{"code":{"system":"http://hl7.org/fhir/guide-parameter-code","code":"path-resource"},"value":"input/testing"},{"code":{"system":"http://hl7.org/fhir/guide-parameter-code","code":"path-resource"},"value":"input/history"},{"code":{"system":"http://hl7.org/fhir/guide-parameter-code","code":"path-resource"},"value":"fsh-generated/resources"},{"code":{"system":"http://hl7.org/fhir/guide-parameter-code","code":"path-pages"},"value":"template/config"},{"code":{"system":"http://hl7.org/fhir/guide-parameter-code","code":"path-pages"},"value":"input/images"},{"code":{"system":"http://hl7.org/fhir/tools/CodeSystem/ig-parameters","code":"path-liquid"},"value":"template/liquid"},{"code":{"system":"http://hl7.org/fhir/tools/CodeSystem/ig-parameters","code":"path-liquid"},"value":"input/liquid"},{"code":{"system":"http://hl7.org/fhir/tools/CodeSystem/ig-parameters","code":"path-qa"},"value":"temp/qa"},{"code":{"system":"http://hl7.org/fhir/tools/CodeSystem/ig-parameters","code":"path-temp"},"value":"temp/pages"},{"code":{"system":"http://hl7.org/fhir/tools/CodeSystem/ig-parameters","code":"path-output"},"value":"output"},{"code":{"system":"http://hl7.org/fhir/guide-parameter-code","code":"path-tx-cache"},"value":"input-cache/txcache"},{"code":{"system":"http://hl7.org/fhir/tools/CodeSystem/ig-parameters","code":"path-suppressed-warnings"},"value":"input/ignoreWarnings.txt"},{"code":{"system":"http://hl7.org/fhir/tools/CodeSystem/ig-parameters","code":"path-history"},"value":"https://sql-on-fhir.org/ig/history.html"},{"code":{"system":"http://hl7.org/fhir/tools/CodeSystem/ig-parameters","code":"template-html"},"value":"template-page.html"},{"code":{"system":"http://hl7.org/fhir/tools/CodeSystem/ig-parameters","code":"template-md"},"value":"template-page-md.html"},{"code":{"system":"http://hl7.org/fhir/tools/CodeSystem/ig-parameters","code":"apply-contact"},"value":"true"},{"code":{"system":"http://hl7.org/fhir/tools/CodeSystem/ig-parameters","code":"apply-context"},"value":"true"},{"code":{"system":"http://hl7.org/fhir/tools/CodeSystem/ig-parameters","code":"apply-copyright"},"value":"true"},{"code":{"system":"http://hl7.org/fhir/tools/CodeSystem/ig-parameters","code":"apply-jurisdiction"},"value":"true"},{"code":{"system":"http://hl7.org/fhir/tools/CodeSystem/ig-parameters","code":"apply-license"},"value":"true"},{"code":{"system":"http://hl7.org/fhir/tools/CodeSystem/ig-parameters","code":"apply-publisher"},"value":"true"},{"code":{"system":"http://hl7.org/fhir/tools/CodeSystem/ig-parameters","code":"apply-version"},"value":"true"},{"code":{"system":"http://hl7.org/fhir/tools/CodeSystem/ig-parameters","code":"apply-wg"},"value":"true"},{"code":{"system":"http://hl7.org/fhir/tools/CodeSystem/ig-parameters","code":"active-tables"},"value":"true"},{"code":{"system":"http://hl7.org/fhir/tools/CodeSystem/ig-parameters","code":"fmm-definition"},"value":"http://hl7.org/fhir/versions.html#maturity"},{"code":{"system":"http://hl7.org/fhir/tools/CodeSystem/ig-parameters","code":"propagate-status"},"value":"true"},{"code":{"system":"http://hl7.org/fhir/tools/CodeSystem/ig-parameters","code":"excludelogbinaryformat"},"value":"true"},{"code":{"system":"http://hl7.org/fhir/tools/CodeSystem/ig-parameters","code":"tabbed-snapshots"},"value":"true"}]}}